{"ActiOn_3.jpg132689":{"fileref":"","size":132689,"filename":"ActiOn_3.jpg","base64_img_data":"","file_attributes":{},"regions":{"0":{"shape_attributes":{"name":"polygon","all_points_x":[86,47,44,58,42,67,80,119,124,131,160,166,171,169,209,224,237,240,234,243,239,202,129,86],"all_points_y":[509,497,395,304,248,95,87,90,55,16,17,49,68,88,100,129,185,275,294,364,429,497,515,509]},"region_attributes":{"name":"bottle"}}}},"ActiOn_4.jpg23000":{"fileref":"","size":23000,"filename":"ActiOn_4.jpg","base64_img_data":"","file_attributes":{},"regions":{"0":{"shape_attributes":{"name":"polygon","all_points_x":[71,63,74,103,147,164,148,162,174,170,131,70,45,46,59,83,77,68,71],"all_points_y":[89,78,43,23,27,39,98,131,163,388,401,396,386,155,126,98,84,83,89]},"region_attributes":{"name":"bottle"}}}},"ActiOn_5.jpg6341":{"fileref":"","size":6341,"filename":"ActiOn_5.jpg","base64_img_data":"","file_attributes":{},"regions":{"0":{"shape_attributes":{"name":"polygon","all_points_x":[203,233,232,240,240,250,258,250,254,256,248,183,174,180,172,186,192,203],"all_points_y":[49,49,47,60,103,112,143,184,263,338,346,348,338,180,145,102,50,49]},"region_attributes":{"name":"bottle"}}}},"ActiOn_6.jpg11769":{"fileref":"","size":11769,"filename":"ActiOn_6.jpg","base64_img_data":"","file_attributes":{},"regions":{"0":{"shape_attributes":{"name":"polygon","all_points_x":[131,120,100,74,66,57,65,88,86,104,129,131,128,154,145,131],"all_points_y":[284,293,294,287,277,188,81,41,12,3,9,35,48,84,262,284]},"region_attributes":{"name":"bottle"}}}},"ActiOn_7.jpg133307":{"fileref":"","size":133307,"filename":"ActiOn_7.jpg","base64_img_data":"","file_attributes":{},"regions":{"0":{"shape_attributes":{"name":"polygon","all_points_x":[142,142,137,140,195,200,199,225,224,211,134,118,113,142],"all_points_y":[118,111,110,78,78,106,116,147,381,399,402,386,145,118]},"region_attributes":{"name":"bottle"}},"1":{"shape_attributes":{"name":"polygon","all_points_x":[303,303,324,353,355,350,362,362,365,367,360,320,292,284,289,296,296,306,303],"all_points_y":[146,125,118,124,145,149,171,213,268,364,395,404,395,380,240,213,176,153,146]},"region_attributes":{"name":"bottle"}},"2":{"shape_attributes":{"name":"polygon","all_points_x":[451,452,482,511,511,510,528,522,496,442,428,424,449,451],"all_points_y":[109,81,70,81,105,122,282,399,412,410,400,278,120,109]},"region_attributes":{"name":"bottle"}}}},"ActiOn_8.jpg86594":{"fileref":"","size":86594,"filename":"ActiOn_8.jpg","base64_img_data":"","file_attributes":{},"regions":{"0":{"shape_attributes":{"name":"polygon","all_points_x":[613,614,701,690,700,698,835,831,835,825,904,914,913,901,901,910,909,613],"all_points_y":[716,228,114,86,60,4,0,79,90,101,204,253,253,275,686,699,719,716]},"region_attributes":{"name":"bottle"}},"1":{"shape_attributes":{"name":"polygon","all_points_x":[964,1051,1040,1048,1045,1183,1183,1190,1175,1250,1250,959,953,959,964],"all_points_y":[185,100,76,59,0,3,69,80,93,191,714,714,681,191,185]},"region_attributes":{"name":"bottle"}}}},"ActiOn_10.jpg21093":{"fileref":"","size":21093,"filename":"ActiOn_10.jpg","base64_img_data":"","file_attributes":{},"regions":{"0":{"shape_attributes":{"name":"polygon","all_points_x":[56,45,22,31,50,58,85,105,106,111,122,129,126,144,143,142,142,106,56],"all_points_y":[236,183,90,63,42,16,10,22,22,39,54,84,114,126,191,196,209,258,236]},"region_attributes":{"name":"bottle"}},"1":{"shape_attributes":{"name":"polygon","all_points_x":[170,172,184,191,213,236,244,246,272,273,250,195,164,170],"all_points_y":[118,71,43,24,12,16,27,41,81,105,236,255,194,118]},"region_attributes":{"name":"bottle"}}}},"ActiOn_11.jpg21881":{"fileref":"","size":21881,"filename":"ActiOn_11.jpg","base64_img_data":"","file_attributes":{},"regions":{"0":{"shape_attributes":{"name":"polygon","all_points_x":[119,110,141,299,298,322,332,353,400,406,410,515,514,516,514,515,539,530,119],"all_points_y":[568,83,53,58,59,82,137,156,153,130,80,74,74,119,140,144,165,566,568]},"region_attributes":{"name":"bottle"}}}},"ActiOn_12.jpeg95530":{"fileref":"","size":95530,"filename":"ActiOn_12.jpeg","base64_img_data":"","file_attributes":{},"regions":{"0":{"shape_attributes":{"name":"polygon","all_points_x":[383,362,206,194,184,191,195,227,227,236,246,249,256,279,317,317,324,343,341,369,380,383],"all_points_y":[755,769,763,753,299,292,275,271,194,188,184,151,86,76,93,147,184,207,263,271,300,755]},"region_attributes":{"name":"bottle"}}}},"ActiOn_13.jpg18042":{"fileref":"","size":18042,"filename":"ActiOn_13.jpg","base64_img_data":"","file_attributes":{},"regions":{"0":{"shape_attributes":{"name":"polygon","all_points_x":[381,379,431,420,424,476,531,529,517,564,552,532,445,454,439,381],"all_points_y":[342,149,56,48,6,2,12,47,57,140,381,396,389,359,361,342]},"region_attributes":{"name":"bottle"}}}},"ActiOn_14.jpg68348":{"fileref":"","size":68348,"filename":"ActiOn_14.jpg","base64_img_data":"","file_attributes":{},"regions":{"0":{"shape_attributes":{"name":"polygon","all_points_x":[232,220,220,239,218,247,281,270,317,340,344,343,398,384,388,401,398,395,347,308,232],"all_points_y":[669,650,409,333,195,149,129,83,72,82,111,127,184,283,373,413,593,637,654,654,669]},"region_attributes":{"name":"bottle"}}}},"ActiOn_15.jpg11769":{"fileref":"","size":11769,"filename":"ActiOn_15.jpg","base64_img_data":"","file_attributes":{},"regions":{"0":{"shape_attributes":{"name":"polygon","all_points_x":[44,16,20,28,26,34,104,111,111,104,90,44],"all_points_y":[297,269,72,62,37,28,35,65,120,272,294,297]},"region_attributes":{"name":"bottle"}}}},"ActiOn_16.jpg239088":{"fileref":"","size":239088,"filename":"ActiOn_16.jpg","base64_img_data":"","file_attributes":{},"regions":{"0":{"shape_attributes":{"name":"polygon","all_points_x":[376,360,367,379,425,540,524,526,641,729,725,713,839,863,837,818,755,468,386,376],"all_points_y":[991,907,626,456,390,297,269,192,187,199,278,304,428,477,874,1022,1075,1033,1010,991]},"region_attributes":{"name":"bottle"}}}},"ActiOn_17.jpg7689":{"fileref":"","size":7689,"filename":"ActiOn_17.jpg","base64_img_data":"","file_attributes":{},"regions":{"0":{"shape_attributes":{"name":"polygon","all_points_x":[37,36,39,63,85,102,106,106,93,63,45,37],"all_points_y":[253,105,66,54,54,66,123,254,265,267,262,253]},"region_attributes":{"name":"bottle"}},"1":{"shape_attributes":{"name":"polygon","all_points_x":[112,129,155,158,172,170,140,140,128,128,108,112],"all_points_y":[188,161,163,174,187,242,244,258,260,269,258,188]},"region_attributes":{"name":"bottle"}}}},"ActiOn_18.jpg10519":{"fileref":"","size":10519,"filename":"ActiOn_18.jpg","base64_img_data":"","file_attributes":{},"regions":{"0":{"shape_attributes":{"name":"polygon","all_points_x":[153,113,83,84,89,90,104,108,120,130,133,150,148,151,153],"all_points_y":[257,262,255,243,167,111,94,38,34,37,95,114,179,240,257]},"region_attributes":{"name":"bottle"}}}},"ActiOn_19.jpg144003":{"fileref":"","size":144003,"filename":"ActiOn_19.jpg","base64_img_data":"","file_attributes":{},"regions":{"0":{"shape_attributes":{"name":"polygon","all_points_x":[318,260,218,187,222,218,174,139,114,127,189,172,170,220,282,307,305,301,430,447,474,480,521,550,318],"all_points_y":[1144,1117,1005,752,669,563,511,511,382,305,181,147,120,83,89,120,118,164,305,428,573,677,825,949,1144]},"region_attributes":{"name":"bottle"}}}},"ActiOn_20.jpg86938":{"fileref":"","size":86938,"filename":"ActiOn_20.jpg","base64_img_data":"","file_attributes":{},"regions":{"0":{"shape_attributes":{"name":"polygon","all_points_x":[485,542,545,698,719,708,766,802,802,490,485],"all_points_y":[1217,1090,1056,997,1002,1054,1059,1129,1176,1233,1217]},"region_attributes":{"name":"bottle"}}}},"ActiOn_21.jpg99020":{"fileref":"","size":99020,"filename":"ActiOn_21.jpg","base64_img_data":"","file_attributes":{},"regions":{"0":{"shape_attributes":{"name":"polygon","all_points_x":[294,235,227,265,264,281,280,329,419,453,513,534,540,520,582,557,524,432,294],"all_points_y":[941,892,294,260,230,207,145,127,119,126,136,152,214,227,292,883,933,959,941]},"region_attributes":{"name":"bottle"}}}},"ActiOn_22.jpg21357":{"fileref":"","size":21357,"filename":"ActiOn_22.jpg","base64_img_data":"","file_attributes":{},"regions":{}},"ActiOn_23.jpg84129":{"fileref":"","size":84129,"filename":"ActiOn_23.jpg","base64_img_data":"","file_attributes":{},"regions":{"0":{"shape_attributes":{"name":"polygon","all_points_x":[560,539,525,582,561,571,633,711,751,762,738,786,799,779,757,578,560],"all_points_y":[836,815,469,374,357,304,278,283,298,361,376,434,495,843,865,860,836]},"region_attributes":{"name":"bottle"}}}},"ActiOn_24.jpg24072":{"fileref":"","size":24072,"filename":"ActiOn_24.jpg","base64_img_data":"","file_attributes":{},"regions":{"0":{"shape_attributes":{"name":"polygon","all_points_x":[105,92,46,21,14,6,18,31,26,83,82,104,113,105],"all_points_y":[298,313,318,307,292,106,77,63,41,44,60,99,288,298]},"region_attributes":{"name":"bottle"}},"1":{"shape_attributes":{"name":"polygon","all_points_x":[127,117,112,132,128,191,185,204,213,211,186,153,127],"all_points_y":[309,292,99,62,43,45,62,88,110,293,316,317,309]},"region_attributes":{"name":"bottle"}},"2":{"shape_attributes":{"name":"polygon","all_points_x":[232,220,217,237,232,291,289,303,309,309,296,267,243,232],"all_points_y":[311,294,95,61,43,44,62,87,106,298,312,317,314,311]},"region_attributes":{"name":"bottle"}}}},"ActiOn_25.jpg53558":{"fileref":"","size":53558,"filename":"ActiOn_25.jpg","base64_img_data":"","file_attributes":{},"regions":{"0":{"shape_attributes":{"name":"polygon","all_points_x":[332,306,263,216,188,166,168,190,213,211,227,273,288,286,314,333,335,332],"all_points_y":[599,623,635,632,621,601,182,149,133,52,47,47,54,131,156,178,199,599]},"region_attributes":{"name":"bottle"}}}},"ActiOn_26.jpg63126":{"fileref":"","size":63126,"filename":"ActiOn_26.jpg","base64_img_data":"","file_attributes":{},"regions":{"0":{"shape_attributes":{"name":"polygon","all_points_x":[192,185,242,242,234,237,250,339,345,338,384,378,192],"all_points_y":[308,205,137,117,117,59,47,53,70,139,205,308,308]},"region_attributes":{"name":"bottle"}}}},"ActiOn_27.jpg34466":{"fileref":"","size":34466,"filename":"ActiOn_27.jpg","base64_img_data":"","file_attributes":{},"regions":{"0":{"shape_attributes":{"name":"polygon","all_points_x":[457,341,251,230,225,246,230,237,251,256,294,363,445,495,514,502,481,467,460,465,457,457],"all_points_y":[735,742,697,656,346,306,282,256,232,187,152,133,151,171,242,268,320,362,400,426,460,735]},"region_attributes":{"name":"bottle"}},"1":{"shape_attributes":{"name":"polygon","all_points_x":[775,734,663,562,481,453,464,483,465,509,580,668,723,746,765,753,772,775],"all_points_y":[779,841,870,867,832,782,455,422,370,263,247,247,277,341,379,420,465,779]},"region_attributes":{"name":"bottle"}}}},"ActiOn_28.jpg7136":{"fileref":"","size":7136,"filename":"ActiOn_28.jpg","base64_img_data":"","file_attributes":{},"regions":{"0":{"shape_attributes":{"name":"polygon","all_points_x":[191,170,137,113,109,121,127,133,135,153,166,171,176,178,190,191],"all_points_y":[286,296,296,288,99,88,58,53,10,2,7,53,61,88,96,286]},"region_attributes":{"name":"bottle"}}}},"ActiOn_29.jpg9704":{"fileref":"","size":9704,"filename":"ActiOn_29.jpg","base64_img_data":"","file_attributes":{},"regions":{"0":{"shape_attributes":{"name":"polygon","all_points_x":[154,147,124,116,96,98,93,118,124,136,157,154],"all_points_y":[198,207,210,199,120,106,86,80,101,113,187,198]},"region_attributes":{"name":"bottle"}}}},"ActiOn_30.jpg41313":{"fileref":"","size":41313,"filename":"ActiOn_30.jpg","base64_img_data":"","file_attributes":{},"regions":{"0":{"shape_attributes":{"name":"polygon","all_points_x":[98,69,88,117,111,101,98,196,206,197,206,272,278,312,98],"all_points_y":[317,168,118,75,53,57,4,2,33,42,60,119,135,315,317]},"region_attributes":{"name":"bottle"}},"1":{"shape_attributes":{"name":"polygon","all_points_x":[466,491,544,582,589,581,589,590,604,648,686,698,684,675,682,718,731,723,714,466],"all_points_y":[316,193,160,145,134,122,114,94,54,54,69,81,143,154,179,239,266,288,319,316]},"region_attributes":{"name":"bottle"}}}},"ActiOn_31.jpg34042":{"fileref":"","size":34042,"filename":"ActiOn_31.jpg","base64_img_data":"","file_attributes":{},"regions":{"0":{"shape_attributes":{"name":"polygon","all_points_x":[318,306,349,314,318,309,353,362,365,399,417,367,385,318,318],"all_points_y":[205,154,116,73,65,33,29,51,66,95,179,202,225,212,205]},"region_attributes":{"name":"bottle"}},"1":{"shape_attributes":{"name":"polygon","all_points_x":[533,506,484,492,533,544,573,590,582,582,613,607,602,533],"all_points_y":[223,203,196,128,98,55,55,67,96,107,154,172,208,223]},"region_attributes":{"name":"bottle"}}}},"ActiOn_32.jpeg97855":{"fileref":"","size":97855,"filename":"ActiOn_32.jpeg","base64_img_data":"","file_attributes":{},"regions":{"0":{"shape_attributes":{"name":"polygon","all_points_x":[487,459,395,312,241,162,113,98,17,25,53,109,159,119,293,398,368,498,521,487],"all_points_y":[624,677,726,751,751,722,673,644,254,209,167,135,112,26,24,40,100,171,213,624]},"region_attributes":{"name":"bottle"}}}},"ActiOn_33.jpg61417":{"fileref":"","size":61417,"filename":"ActiOn_33.jpg","base64_img_data":"","file_attributes":{},"regions":{"0":{"shape_attributes":{"name":"polygon","all_points_x":[1335,1101,1109,1123,1159,1285,1280,1321,1318,1318,1335,1335],"all_points_y":[1145,1137,550,438,402,410,410,446,438,528,561,1145]},"region_attributes":{"name":"bottle"}}}},"ActiOn_34.jpg145080":{"fileref":"","size":145080,"filename":"ActiOn_34.jpg","base64_img_data":"","file_attributes":{},"regions":{}},"ActiOn_35.jpg42917":{"fileref":"","size":42917,"filename":"ActiOn_35.jpg","base64_img_data":"","file_attributes":{},"regions":{"0":{"shape_attributes":{"name":"polygon","all_points_x":[41,35,46,36,35,68,79,76,129,133,135,159,176,171,167,175,177,41],"all_points_y":[350,238,170,127,71,54,31,5,1,22,40,61,76,148,184,236,346,350]},"region_attributes":{"name":"bottle"}},"1":{"shape_attributes":{"name":"polygon","all_points_x":[247,244,252,241,244,290,285,323,344,341,361,388,386,381,381,388,388,247],"all_points_y":[344,254,204,145,78,37,8,2,16,34,61,78,146,179,220,258,346,344]},"region_attributes":{"name":"bottle"}},"2":{"shape_attributes":{"name":"polygon","all_points_x":[456,458,465,465,458,458,494,503,502,533,557,557,568,597,596,587,597,598,456],"all_points_y":[348,245,217,179,151,79,53,36,15,3,20,41,60,77,141,180,242,344,348]},"region_attributes":{"name":"bottle"}}}},"ActiOn_36.jpg75645":{"fileref":"","size":75645,"filename":"ActiOn_36.jpg","base64_img_data":"","file_attributes":{},"regions":{"0":{"shape_attributes":{"name":"polygon","all_points_x":[70,104,119,236,307,258,297,629,654,668,635,699,773,779,617,316,70],"all_points_y":[1020,895,740,535,496,453,311,322,453,490,516,619,803,1018,1094,1100,1020]},"region_attributes":{"name":"bottle"}},"1":{"shape_attributes":{"name":"polygon","all_points_x":[859,842,871,922,914,895,902,1004,1168,1176,1158,1158,1217,1266,1246,1072,930,859],"all_points_y":[980,760,680,602,537,535,441,420,424,506,521,582,658,736,930,994,990,980]},"region_attributes":{"name":"bottle"}},"2":{"shape_attributes":{"name":"polygon","all_points_x":[1262,1412,1492,1506,1504,1518,1797,1803,1760,1742,1717,1725,1764,1732,1730,1691,1680,1650,1617,1490,1348,1289,1256,1262],"all_points_y":[703,211,156,102,35,6,8,45,146,146,221,225,270,404,541,682,785,857,939,967,914,916,936,703]},"region_attributes":{"name":"bottle"}}}},"ActiOn_37.jpg31902":{"fileref":"","size":31902,"filename":"ActiOn_37.jpg","base64_img_data":"","file_attributes":{},"regions":{"0":{"shape_attributes":{"name":"polygon","all_points_x":[442,472,488,519,517,579,610,617,654,614,614,603,636,609,584,529,496,442],"all_points_y":[365,264,251,245,228,46,43,42,67,218,246,268,302,408,387,399,371,365]},"region_attributes":{"name":"bottle"}}}},"ActiOn_38.png801769":{"fileref":"","size":801769,"filename":"ActiOn_38.png","base64_img_data":"","file_attributes":{},"regions":{"0":{"shape_attributes":{"name":"polygon","all_points_x":[815,822,1212,1208,1230,1230,815,815],"all_points_y":[1857,181,174,177,209,1864,1881,1857]},"region_attributes":{"name":"bottle"}}}},"ActiOn_39.jpg5080":{"fileref":"","size":5080,"filename":"ActiOn_39.jpg","base64_img_data":"","file_attributes":{},"regions":{"0":{"shape_attributes":{"name":"polygon","all_points_x":[128,106,86,89,137,128],"all_points_y":[209,216,210,21,22,209]},"region_attributes":{"name":"bottle"}}}},"ActiOn_40.jpg505039":{"fileref":"","size":505039,"filename":"ActiOn_40.jpg","base64_img_data":"","file_attributes":{},"regions":{"0":{"shape_attributes":{"name":"polygon","all_points_x":[868,474,461,398,383,298,310,377,429,462,459,544,544,593,623,671,718,848,916,945,1043,1054,1034,967,911,868],"all_points_y":[667,402,336,308,310,246,189,93,33,19,19,81,119,160,141,163,211,299,338,338,414,438,511,608,660,667]},"region_attributes":{"name":"bottle"}}}},"ActiOn_41.jpg25262":{"fileref":"","size":25262,"filename":"ActiOn_41.jpg","base64_img_data":"","file_attributes":{},"regions":{}},"ActiOn_42.jpg9103":{"fileref":"","size":9103,"filename":"ActiOn_42.jpg","base64_img_data":"","file_attributes":{},"regions":{"0":{"shape_attributes":{"name":"polygon","all_points_x":[72,72,64,38,22,15,18,16,10,13,24,44,58,67,69,67,68,72],"all_points_y":[150,174,190,196,189,161,135,102,89,54,38,32,39,71,90,113,135,150]},"region_attributes":{"name":"bottle"}},"1":{"shape_attributes":{"name":"polygon","all_points_x":[80,78,75,77,81,99,114,123,131,134,133,131,131,135,130,122,93,82,77,80],"all_points_y":[137,99,88,64,49,32,32,38,71,89,90,100,135,150,180,191,194,183,152,137]},"region_attributes":{"name":"bottle"}},"2":{"shape_attributes":{"name":"polygon","all_points_x":[195,190,182,161,144,139,140,144,144,140,145,152,166,180,195,202,194,193,195],"all_points_y":[158,185,195,196,191,175,149,136,95,89,64,38,33,40,55,94,114,146,158]},"region_attributes":{"name":"bottle"}}}},"ActiOn_43.jpg8476":{"fileref":"","size":8476,"filename":"ActiOn_43.jpg","base64_img_data":"","file_attributes":{},"regions":{"0":{"shape_attributes":{"name":"polygon","all_points_x":[93,66,64,50,36,37,55,55,76,74,93,93],"all_points_y":[179,197,198,193,177,66,42,21,22,38,63,179]},"region_attributes":{"name":"bottle"}}}},"ActiOn_44.jpg109242":{"fileref":"","size":109242,"filename":"ActiOn_44.jpg","base64_img_data":"","file_attributes":{},"regions":{"0":{"shape_attributes":{"name":"polygon","all_points_x":[1163,1080,1019,921,904,929,928,954,991,973,979,1058,1095,1100,1088,1138,1156,1141,1160,1163],"all_points_y":[549,606,614,575,464,339,276,194,171,156,109,103,109,151,174,213,306,330,356,549]},"region_attributes":{"name":"bottle"}}}},"ActiOn_45.jpg39784":{"fileref":"","size":39784,"filename":"ActiOn_45.jpg","base64_img_data":"","file_attributes":{},"regions":{"0":{"shape_attributes":{"name":"polygon","all_points_x":[113,113,137,159,157,202,215,216,256,261,230,228,243,265,260,223,132,113],"all_points_y":[619,211,187,177,88,90,90,179,200,383,389,471,546,600,706,713,696,619]},"region_attributes":{"name":"bottle"}}}},"ActiOn_46.jpg45339":{"fileref":"","size":45339,"filename":"ActiOn_46.jpg","base64_img_data":"","file_attributes":{},"regions":{"0":{"shape_attributes":{"name":"polygon","all_points_x":[198,161,122,95,93,99,99,92,102,97,108,126,118,140,177,185,189,183,203,212,208,219,212,212,216,198],"all_points_y":[439,451,445,427,403,363,241,205,186,161,123,102,83,56,59,72,88,100,124,154,188,213,240,377,407,439]},"region_attributes":{"name":"bottle"}},"1":{"shape_attributes":{"name":"polygon","all_points_x":[317,303,269,225,197,196,204,202,195,207,199,214,230,223,234,259,281,291,288,307,317,316,309,320,316,314,310,318,317],"all_points_y":[453,470,483,479,459,433,391,278,241,219,189,153,134,124,96,90,94,116,133,160,194,211,222,239,253,273,394,422,453]},"region_attributes":{"name":"bottle"}},"2":{"shape_attributes":{"name":"polygon","all_points_x":[355,353,361,361,355,347,360,354,365,385,379,389,415,439,439,445,467,475,467,475,474,470,472,473,449,374,359,355],"all_points_y":[521,487,460,341,323,302,286,261,225,203,192,162,157,164,177,191,237,275,287,305,326,347,487,518,543,541,530,521]},"region_attributes":{"name":"bottle"}},"3":{"shape_attributes":{"name":"polygon","all_points_x":[608,560,544,500,503,524,519,523,528,550,584,597,597,597,597,612,608],"all_points_y":[413,436,431,409,312,285,276,255,237,222,224,242,249,276,294,317,413]},"region_attributes":{}}}},"ActiOn_47.jpg16646":{"fileref":"","size":16646,"filename":"ActiOn_47.jpg","base64_img_data":"","file_attributes":{},"regions":{"0":{"shape_attributes":{"name":"polygon","all_points_x":[326,305,158,136,142,180,186,167,171,204,271,304,305,307,289,299,330,326],"all_points_y":[417,426,427,412,190,153,140,131,48,36,36,49,116,130,138,159,194,417]},"region_attributes":{"name":"bottle"}}}},"ActiOn_48.jpg34761":{"fileref":"","size":34761,"filename":"ActiOn_48.jpg","base64_img_data":"","file_attributes":{},"regions":{"0":{"shape_attributes":{"name":"polygon","all_points_x":[113,90,82,78,86,103,91,96,129,171,171,173,131,126,127,137,121,110,112,113],"all_points_y":[384,383,374,266,238,212,208,185,178,181,178,192,196,210,220,230,253,277,347,384]},"region_attributes":{"name":"bottle"}},"1":{"shape_attributes":{"name":"polygon","all_points_x":[241,231,179,124,112,116,139,128,136,183,220,229,229,217,241,241],"all_points_y":[405,422,438,425,410,273,232,213,198,191,195,198,225,231,271,405]},"region_attributes":{"name":"bottle"}},"2":{"shape_attributes":{"name":"polygon","all_points_x":[279,277,254,242,243,216,228,224,204,212,269,292,292,282,296,278,279],"all_points_y":[392,399,403,401,268,230,225,195,194,184,181,189,210,218,236,266,392]},"region_attributes":{"name":"bottle"}},"3":{"shape_attributes":{"name":"polygon","all_points_x":[396,392,365,317,292,278,279,297,290,296,321,381,386,378,392,404,396],"all_points_y":[386,402,415,418,411,395,267,238,219,190,184,190,215,223,252,277,386]},"region_attributes":{"name":"bottle"}},"4":{"shape_attributes":{"name":"polygon","all_points_x":[444,423,399,407,379,388,378,389,459,461,468,449,443,444],"all_points_y":[384,388,382,279,224,210,186,181,182,198,243,272,348,384]},"region_attributes":{"name":"bottle"}},"5":{"shape_attributes":{"name":"polygon","all_points_x":[569,552,483,454,441,447,467,459,468,549,559,559,551,574,569],"all_points_y":[419,436,438,425,408,278,229,222,193,195,205,225,234,279,419]},"region_attributes":{"name":"bottle"}},"6":{"shape_attributes":{"name":"polygon","all_points_x":[644,626,572,575,550,562,559,550,584,632,641,640,626,640,653,644],"all_points_y":[403,417,421,281,232,221,202,194,190,192,200,223,226,251,282,403]},"region_attributes":{"name":"bottle"}}}},"ActiOn_49.jpg35060":{"fileref":"","size":35060,"filename":"ActiOn_49.jpg","base64_img_data":"","file_attributes":{},"regions":{"0":{"shape_attributes":{"name":"polygon","all_points_x":[280,276,262,226,195,174,173,190,189,209,251,267,263,276,280],"all_points_y":[384,473,489,497,491,472,361,336,303,294,297,309,339,355,384]},"region_attributes":{"name":"bottle"}},"1":{"shape_attributes":{"name":"polygon","all_points_x":[449,432,369,348,348,366,365,389,424,442,437,451,449],"all_points_y":[461,479,479,460,361,325,299,284,289,301,329,359,461]},"region_attributes":{"name":"bottle"}}}},"ActiOn_50.jpeg5734":{"fileref":"","size":5734,"filename":"ActiOn_50.jpeg","base64_img_data":"","file_attributes":{},"regions":{"0":{"shape_attributes":{"name":"polygon","all_points_x":[134,125,67,70,79,80,126,124,133,134],"all_points_y":[187,191,191,70,49,9,10,47,68,187]},"region_attributes":{"name":"bottle"}}}},"ActiOn_51.jpg31084":{"fileref":"","size":31084,"filename":"ActiOn_51.jpg","base64_img_data":"","file_attributes":{},"regions":{"0":{"shape_attributes":{"name":"polygon","all_points_x":[197,163,109,64,51,56,71,90,85,70,106,168,162,184,198,197],"all_points_y":[498,509,509,500,489,172,129,99,79,73,81,81,101,129,175,498]},"region_attributes":{"name":"bottle"}}}},"ActiOn_52.jpg135348":{"fileref":"","size":135348,"filename":"ActiOn_52.jpg","base64_img_data":"","file_attributes":{},"regions":{"0":{"shape_attributes":{"name":"polygon","all_points_x":[478,367,382,415,431,429,418,427,496,503,499,490,490,542,552,554,501,474,467,478],"all_points_y":[449,444,268,240,234,189,163,149,149,155,176,185,233,258,318,380,383,393,416,449]},"region_attributes":{"name":"bottle"}}}},"ActiOn_53.jpg98999":{"fileref":"","size":98999,"filename":"ActiOn_53.jpg","base64_img_data":"","file_attributes":{},"regions":{"0":{"shape_attributes":{"name":"polygon","all_points_x":[520,393,387,395,363,340,333,356,389,434,463,475,481,505,519,520],"all_points_y":[528,556,536,482,389,340,279,222,213,236,285,372,432,478,507,528]},"region_attributes":{"name":"bottle"}},"1":{"shape_attributes":{"name":"polygon","all_points_x":[642,518,518,554,565,571,607,652,697,711,697,660,646,647,651,642],"all_points_y":[479,447,430,359,293,217,151,130,156,194,278,350,409,402,450,479]},"region_attributes":{"name":"bottle"}}}},"ActiOn_54.jpg21069":{"fileref":"","size":21069,"filename":"ActiOn_54.jpg","base64_img_data":"","file_attributes":{},"regions":{"0":{"shape_attributes":{"name":"polygon","all_points_x":[82,78,6,0,93,88,82],"all_points_y":[241,250,252,122,121,197,241]},"region_attributes":{"name":"bottle"}},"1":{"shape_attributes":{"name":"polygon","all_points_x":[203,198,160,117,104,100,99,203,208,203],"all_points_y":[237,249,254,256,243,136,122,122,128,237]},"region_attributes":{"name":"bottle"}},"2":{"shape_attributes":{"name":"polygon","all_points_x":[309,305,291,224,212,210,218,215,304,309],"all_points_y":[126,235,253,258,243,128,107,91,91,126]},"region_attributes":{"name":"bottle"}},"3":{"shape_attributes":{"name":"polygon","all_points_x":[405,389,322,307,308,313,391,400,392,394,405,405],"all_points_y":[233,254,259,234,107,88,89,96,108,108,127,233]},"region_attributes":{"name":"bottle"}},"4":{"shape_attributes":{"name":"polygon","all_points_x":[504,455,418,413,408,406,454,518,520,517,510,510,504],"all_points_y":[258,263,256,183,165,124,120,124,140,174,192,256,258]},"region_attributes":{"name":"bottle"}},"5":{"shape_attributes":{"name":"polygon","all_points_x":[598,527,522,519,522,521,537,598,598],"all_points_y":[90,93,104,126,207,238,257,257,90]},"region_attributes":{"name":"bottle"}}}},"ActiOn_56.jpg16213":{"fileref":"","size":16213,"filename":"ActiOn_56.jpg","base64_img_data":"","file_attributes":{},"regions":{"0":{"shape_attributes":{"name":"polygon","all_points_x":[157,77,76,93,93,112,142,142,159,162,157],"all_points_y":[330,326,151,149,113,108,109,148,156,327,330]},"region_attributes":{"name":"bottle"}}}},"ActiOn_59.jpg48280":{"fileref":"","size":48280,"filename":"ActiOn_59.jpg","base64_img_data":"","file_attributes":{},"regions":{"0":{"shape_attributes":{"name":"polygon","all_points_x":[526,516,428,331,275,271,322,317,325,360,436,473,478,518,527,526],"all_points_y":[687,702,717,714,692,278,190,140,44,15,18,42,191,246,293,687]},"region_attributes":{"name":"bottle"}}}},"ActiOn_60.jpg27048":{"fileref":"","size":27048,"filename":"ActiOn_60.jpg","base64_img_data":"","file_attributes":{},"regions":{"0":{"shape_attributes":{"name":"polygon","all_points_x":[341,325,328,299,260,246,245,229,208,311,342,365,365,360,450,495,483,504,504,547,591,533,390,471,512,508,458,386,341],"all_points_y":[415,384,364,352,277,223,119,112,48,0,6,50,55,76,159,259,291,324,351,381,459,482,478,436,403,371,359,399,415]},"region_attributes":{"name":"bottle"}}}},"ActiOn_61.jpg28220":{"fileref":"","size":28220,"filename":"ActiOn_61.jpg","base64_img_data":"","file_attributes":{},"regions":{"0":{"shape_attributes":{"name":"polygon","all_points_x":[89,57,51,53,63,57,74,103,109,100,110,104,89],"all_points_y":[212,210,204,71,57,41,34,38,47,56,80,207,212]},"region_attributes":{"name":"bottle"}},"1":{"shape_attributes":{"name":"polygon","all_points_x":[171,151,124,117,120,130,124,172,172,178,176,171],"all_points_y":[207,211,206,197,60,48,30,31,49,71,200,207]},"region_attributes":{"name":"bottle"}},"2":{"shape_attributes":{"name":"polygon","all_points_x":[240,229,198,187,187,197,191,223,241,240,238,247,240],"all_points_y":[202,208,208,198,64,46,32,25,31,47,48,74,202]},"region_attributes":{"name":"bottle"}},"3":{"shape_attributes":{"name":"polygon","all_points_x":[257,252,254,262,262,290,308,305,305,302,311,310,296,261,254,254,257],"all_points_y":[198,168,58,42,30,28,29,29,44,51,71,194,207,204,179,179,198]},"region_attributes":{"name":"bottle"}},"4":{"shape_attributes":{"name":"polygon","all_points_x":[377,352,330,323,321,329,325,359,372,372,369,377,377],"all_points_y":[198,206,205,194,63,47,31,25,32,31,46,66,198]},"region_attributes":{"name":"bottle"}},"5":{"shape_attributes":{"name":"polygon","all_points_x":[443,418,390,386,394,390,394,425,436,431,443,443],"all_points_y":[201,209,201,66,49,39,33,30,35,49,70,201]},"region_attributes":{"name":"bottle"}},"6":{"shape_attributes":{"name":"polygon","all_points_x":[459,457,495,495,507,501,509,512,500,467,456,454,459],"all_points_y":[45,31,27,30,38,53,76,197,207,207,201,69,45]},"region_attributes":{"name":"bottle"}},"7":{"shape_attributes":{"name":"polygon","all_points_x":[583,561,533,528,523,532,528,556,575,575,572,579,583],"all_points_y":[200,209,206,196,69,49,35,26,31,34,48,69,200]},"region_attributes":{"name":"bottle"}},"8":{"shape_attributes":{"name":"polygon","all_points_x":[653,628,598,594,604,599,645,648,643,654,653],"all_points_y":[208,217,209,68,50,32,32,50,54,68,208]},"region_attributes":{"name":"bottle"}}}},"ActiOn_62.jpg60485":{"fileref":"","size":60485,"filename":"ActiOn_62.jpg","base64_img_data":"","file_attributes":{},"regions":{"0":{"shape_attributes":{"name":"polygon","all_points_x":[229,251,262,324,319,387,440,435,503,518,520,531,541,530,530,538,486,480,428,423,312,229],"all_points_y":[584,266,193,184,138,123,141,178,206,262,337,410,555,601,613,653,621,528,540,618,671,584]},"region_attributes":{"name":"bottle"}}}},"ActiOn_63.jpg32661":{"fileref":"","size":32661,"filename":"ActiOn_63.jpg","base64_img_data":"","file_attributes":{},"regions":{"0":{"shape_attributes":{"name":"polygon","all_points_x":[161,73,71,70,76,154,156,164,161],"all_points_y":[236,236,88,82,33,36,68,105,236]},"region_attributes":{"name":"bottle"}},"1":{"shape_attributes":{"name":"polygon","all_points_x":[217,207,212,230,213,215,293,293,301,303,304,291,217],"all_points_y":[238,225,91,68,64,32,40,61,98,224,226,239,238]},"region_attributes":{"name":"bottle"}},"2":{"shape_attributes":{"name":"polygon","all_points_x":[337,338,354,354,341,343,393,428,415,429,428,411,349,337],"all_points_y":[231,97,77,65,61,37,35,38,80,98,230,243,241,231]},"region_attributes":{"name":"bottle"}}}},"ActiOn_64.jpg44052":{"fileref":"","size":44052,"filename":"ActiOn_64.jpg","base64_img_data":"","file_attributes":{},"regions":{"0":{"shape_attributes":{"name":"polygon","all_points_x":[333,290,281,280,324,324,390,396,395,431,434,415,388,389,356,333],"all_points_y":[675,668,644,339,243,194,186,228,233,323,625,628,678,634,638,675]},"region_attributes":{"name":"bottle"}}}},"ActiOn_65.jpg25916":{"fileref":"","size":25916,"filename":"ActiOn_65.jpg","base64_img_data":"","file_attributes":{},"regions":{"0":{"shape_attributes":{"name":"polygon","all_points_x":[205,179,131,89,92,119,93,93,139,173,204,203,194,174,200,205],"all_points_y":[439,463,474,449,285,272,248,192,174,177,192,194,251,266,279,439]},"region_attributes":{"name":"bottle"}},"1":{"shape_attributes":{"name":"polygon","all_points_x":[161,155,183,222,259,265,260,260,249,264,262,235,207,206,172,196,205,169,161],"all_points_y":[168,154,138,133,150,173,190,208,226,245,393,419,414,281,269,244,192,174,168]},"region_attributes":{"name":"bottle"}},"2":{"shape_attributes":{"name":"polygon","all_points_x":[220,242,283,313,323,322,317,307,290,314,320,303,265,267,252,266,220,220],"all_points_y":[114,99,98,107,122,120,156,172,181,193,339,363,369,247,228,168,133,114]},"region_attributes":{"name":"bottle"}},"3":{"shape_attributes":{"name":"polygon","all_points_x":[282,292,323,348,372,378,379,375,370,349,371,375,380,361,322,314,289,318,323,299,277,282],"all_points_y":[80,66,57,61,69,70,99,115,127,141,154,263,301,319,325,193,184,158,120,101,96,80]},"region_attributes":{"name":"bottle"}},"4":{"shape_attributes":{"name":"polygon","all_points_x":[341,339,338,365,406,431,433,428,425,407,429,430,433,413,381,373,378,378,341],"all_points_y":[56,42,39,26,24,40,65,70,89,107,119,240,261,282,283,153,109,70,56]},"region_attributes":{"name":"bottle"}}}},"ActiOn_66.jpg7711":{"fileref":"","size":7711,"filename":"ActiOn_66.jpg","base64_img_data":"","file_attributes":{},"regions":{"0":{"shape_attributes":{"name":"polygon","all_points_x":[199,185,153,119,103,99,116,114,104,109,133,137,170,170,198,198,186,203,205,199],"all_points_y":[331,353,363,350,326,184,165,155,149,130,122,96,97,121,132,150,159,180,309,331]},"region_attributes":{"name":"bottle"}}}},"ActiOn_67.jpg12005":{"fileref":"","size":12005,"filename":"ActiOn_67.jpg","base64_img_data":"","file_attributes":{},"regions":{"0":{"shape_attributes":{"name":"polygon","all_points_x":[35,19,8,6,11,9,15,16,21,21,27,29,31,29,35,35],"all_points_y":[161,164,159,110,102,87,85,76,74,74,77,88,97,104,110,161]},"region_attributes":{"name":"bottle"}},"1":{"shape_attributes":{"name":"polygon","all_points_x":[37,44,44,44,40,42,46,46,52,55,60,60,61,56,68,66,58,36,37],"all_points_y":[109,102,103,99,95,85,84,73,72,83,87,87,98,100,112,156,161,161,109]},"region_attributes":{"name":"bottle"}},"2":{"shape_attributes":{"name":"polygon","all_points_x":[70,75,72,72,78,78,81,85,86,92,92,88,93,97,95,79,68,70],"all_points_y":[109,98,92,83,80,70,68,71,82,84,96,97,106,131,156,159,157,109]},"region_attributes":{"name":"bottle"}},"3":{"shape_attributes":{"name":"polygon","all_points_x":[97,102,101,102,107,107,111,115,115,121,121,124,127,121,99,96,97],"all_points_y":[109,98,90,84,83,73,71,73,83,84,96,110,157,163,160,154,109]},"region_attributes":{"name":"bottle"}},"4":{"shape_attributes":{"name":"polygon","all_points_x":[126,131,131,130,136,136,142,144,146,150,150,150,158,158,158,158,152,134,127,126],"all_points_y":[109,101,96,84,83,71,69,71,81,84,96,102,114,142,155,161,164,162,157,109]},"region_attributes":{"name":"bottle"}}}},"ActiOn_68.jpg809946":{"fileref":"","size":809946,"filename":"ActiOn_68.jpg","base64_img_data":"","file_attributes":{},"regions":{"0":{"shape_attributes":{"name":"polygon","all_points_x":[1323,1413,1515,1543,1470,1334,1323],"all_points_y":[1922,1967,1950,2058,2103,2188,1922]},"region_attributes":{"name":"bottle"}}}},"ActiOn_69.jpg346244":{"fileref":"","size":346244,"filename":"ActiOn_69.jpg","base64_img_data":"","file_attributes":{},"regions":{"0":{"shape_attributes":{"name":"polygon","all_points_x":[908,908,924,924,915,834,763,718,704,779,760,775,791,867,855,877,869,870,903,910,908],"all_points_y":[493,561,640,751,815,830,768,761,439,356,294,196,107,118,218,260,343,348,417,502,493]},"region_attributes":{"name":"bottle"}}}},"ActiOn_70.jpg11938":{"fileref":"","size":11938,"filename":"ActiOn_70.jpg","base64_img_data":"","file_attributes":{},"regions":{"0":{"shape_attributes":{"name":"polygon","all_points_x":[142,140,135,97,92,97,93,100,93,93,99,109,108,127,128,135,140,140,125,127,142,142],"all_points_y":[236,247,252,252,238,218,195,189,181,152,123,95,74,75,102,126,160,177,192,207,217,236]},"region_attributes":{"name":"bottle"}}}},"ActiOn_71.jpg35578":{"fileref":"","size":35578,"filename":"ActiOn_71.jpg","base64_img_data":"","file_attributes":{},"regions":{}},"ActiOn_72.png4045171":{"fileref":"","size":4045171,"filename":"ActiOn_72.png","base64_img_data":"","file_attributes":{},"regions":{}},"ActiOn_73.jpg43492":{"fileref":"","size":43492,"filename":"ActiOn_73.jpg","base64_img_data":"","file_attributes":{},"regions":{"0":{"shape_attributes":{"name":"polygon","all_points_x":[2,2,22,17,67,60,62,79,79,52,1,2],"all_points_y":[388,222,183,154,163,184,185,210,391,402,398,388]},"region_attributes":{"name":"bottle"}},"1":{"shape_attributes":{"name":"polygon","all_points_x":[89,88,99,114,106,173,162,162,178,182,183,178,133,108,89],"all_points_y":[421,219,188,163,146,145,161,172,202,225,417,423,430,429,421]},"region_attributes":{"name":"bottle"}},"2":{"shape_attributes":{"name":"polygon","all_points_x":[198,197,212,227,218,295,275,304,308,310,283,234,198],"all_points_y":[460,214,173,155,131,134,162,189,262,463,473,475,460]},"region_attributes":{"name":"bottle"}},"3":{"shape_attributes":{"name":"polygon","all_points_x":[320,317,342,341,400,387,406,410,412,389,344,320],"all_points_y":[421,216,168,143,144,169,192,226,420,429,429,421]},"region_attributes":{"name":"bottle"}},"4":{"shape_attributes":{"name":"polygon","all_points_x":[423,424,433,440,443,491,482,493,498,499,466,423],"all_points_y":[395,219,192,174,162,165,177,196,217,392,402,395]},"region_attributes":{"name":"bottle"}}}},"ActiOn_74.jpg20455":{"fileref":"","size":20455,"filename":"ActiOn_74.jpg","base64_img_data":"","file_attributes":{},"regions":{"0":{"shape_attributes":{"name":"polygon","all_points_x":[88,91,103,109,131,140,145,148,88],"all_points_y":[243,120,88,45,46,106,162,246,243]},"region_attributes":{"name":"bottle"}}}},"ActiOn_75.jpg27822":{"fileref":"","size":27822,"filename":"ActiOn_75.jpg","base64_img_data":"","file_attributes":{},"regions":{"0":{"shape_attributes":{"name":"polygon","all_points_x":[454,448,505,497,528,537,472,486,446,453,429,462,467,454],"all_points_y":[63,43,43,56,90,178,185,204,210,180,139,145,121,63]},"region_attributes":{"name":"bottle"}},"1":{"shape_attributes":{"name":"polygon","all_points_x":[585,586,594,620,618,647,668,664,667,630,621,623,639,627,607,597,585],"all_points_y":[200,146,131,109,67,56,65,105,112,151,178,199,198,223,220,201,200]},"region_attributes":{"name":"bottle"}}}},"ActiOn_76.jpg108449":{"fileref":"","size":108449,"filename":"ActiOn_76.jpg","base64_img_data":"","file_attributes":{},"regions":{"0":{"shape_attributes":{"name":"polygon","all_points_x":[48,106,100,123,441,491,545,559,562,549,492,445,145,120,99,75,48,122,131,48],"all_points_y":[153,153,154,167,163,210,213,228,262,283,278,323,321,314,328,330,226,222,199,153]},"region_attributes":{"name":"bottle"}}}},"ActiOn_77.jpg123220":{"fileref":"","size":123220,"filename":"ActiOn_77.jpg","base64_img_data":"","file_attributes":{},"regions":{"0":{"shape_attributes":{"name":"polygon","all_points_x":[820,863,899,941,1048,1179,1219,1219,1216,1074,1013,896,850,800,820],"all_points_y":[194,173,170,126,85,83,85,151,279,310,326,271,291,245,194]},"region_attributes":{"name":"bottle"}}}},"ActiOn_78.jpg56640":{"fileref":"","size":56640,"filename":"ActiOn_78.jpg","base64_img_data":"","file_attributes":{},"regions":{"0":{"shape_attributes":{"name":"polygon","all_points_x":[99,57,38,39,28,28,52,72,72,63,69,157,157,147,167,190,182,170,146,99],"all_points_y":[483,470,434,342,242,198,126,91,76,63,40,43,66,87,130,181,294,425,466,483]},"region_attributes":{"name":"bottle"}}}},"ActiOn_79.png16912":{"fileref":"","size":16912,"filename":"ActiOn_79.png","base64_img_data":"","file_attributes":{},"regions":{}},"ActiOn_80.png34984":{"fileref":"","size":34984,"filename":"ActiOn_80.png","base64_img_data":"","file_attributes":{},"regions":{"0":{"shape_attributes":{"name":"polygon","all_points_x":[431,398,326,222,175,166,204,180,205,405,415,422,408,448,431],"all_points_y":[479,505,520,514,488,220,132,109,42,43,81,127,135,218,479]},"region_attributes":{"name":"bottle"}}}}}